Company Name	Programme Name	Opening Date	Location	Notes
Ardian	Infrastructure Intern - Start Date ASAP	04 Jun 26	Mayfair
Natixis	Corporate Coverage Intern	05 May 26	Cannon Street
Valor Real Estate Partners	Finance Intern	27 Apr 26
Valsoft Corporation	M&A Internship - Immediate Start	23 Apr 26
Ardian	Fund Finance Intern	22 Apr 26	Mayfair
Capital Dynamics	Private Equity Internship, Direct Investments (German Speaker)	02 Jun 26	Guildhall
Ardea Partners	Off Cycle Internship - Spring 2027	01 Jun 26	Mayfair
Mediobanca	M&A FIG Internship - Fluent in French	25 Mar 26	Victoria
Eurazeo	Internship - Investor Relations Coverage	18 Mar 26	Mayfair
The Carlyle Group	Intern (Credit) 2026 - H2	17 Mar 26	St James's	6 months
Pictet Asset Management	Direct Private Equity Fund (German Speaking) 6-month internship	25 Feb 26	Mayfair
Klesch Group	Analyst Internship/ Rotational Programme	04 Jun 26
KKR	2026 Real Estate Equity Internship	01 Jun 26	Mayfair
PJT Partners	2026 Off-Cycle Analyst - Strategic Advisory Capital Markets	01 Jun 26	Mayfair
Ardian	Secondaries and Primaries Intern - September 2026	19 May 26	Mayfair
Ardian	Corporate Finance Intern - July 2026	15 May 26	Mayfair
Morgan Stanley	2026 Off Cycle Internship - European Real Estate Debt	11 May 26	Canary Wharf Estate
Rothschild & Co.	2026 UK Long term Compliance Intern	11 May 26	Bank
Tikehau Capital	Internship - Tikehau Special Opportunities (TSO)	11 May 26	Aldgate
LSS Strategic Partners	Business Analyst (6-Month Fixed-Term Contract)	08 May 26
Morgan Stanley	2026 Off-cycle Internship - Risk Management	08 May 26	Canary Wharf Estate
Tikehau Capital	Internship - Risk & Valuation	30 Apr 26	Aldgate
Tikehau Capital	Internship - Capital Market Strategies Equity Research	30 Apr 26	Aldgate
Morgan Stanley	2026 Off-cycle Internship - Real Estate Investing	21 Apr 26	Canary Wharf Estate
Ardian	Co-Investment Intern - September 2026	14 Apr 26	Mayfair
The Carlyle Group	Intern, CETP H2 2026 (Benelux)	10 Apr 26	St James's
La Caisse	Intern, Private Equity	07 Apr 26
Jefferies	2026 Investment Banking Off Cycle Internship London (September)	24 Jan 26	Bishopsgate
CVC	Off-Cycle Intern Programme	19 Dec 25	Covent Garden
Goldman Sachs	2026 Season/Off Cycle Internship	01 May 25	Chancery Lane
Triton	Private Equity Internship	02 Jun 26	St James's
Blackstone	2026 Tactical Opportunities H2 Off Cycle Internship	18 Mar 26	Mayfair
Blackstone	2026 Private Equity H2 Off Cycle Internship	18 Mar 26	Mayfair
Ardian	Infrastructure Intern - January 2027	04 Jun 26	Mayfair
Baird	Global Investment Banking - M&A Internship (6 months)	22 May 26	Liverpool Street
Goldman Sachs	2027 Off-Cycle Internship	06 May 26	Chancery Lane
KKR	2027 Private Equity - Global Impact Intern	09 Sep 25	Mayfair
redalpine	Visiting Analyst - Early Stage Investments	04 Jun 26
LaSalle	Intern, Value-Add Investments	03 Jun 26	Whitehall
Altman Solon	Strategy Consulting Intern TMT	02 Jun 26
Anesi Advisors	Investment Banking Intern - Analyst	02 Jun 26
Morgan Stanley	2026 Quantitative Finance Off-Cycle Internship	23 May 26	Canary Wharf Estate
Houlihan Lokey	Internship - 6 Months - FSG	21 May 26	Mayfair
Natixis	Intern - Nordics & NL Coverage	15 May 26	Cannon Street
UBS	2026 Off-Cycle Internship - Global Banking Strategic Insights	15 May 26	Liverpool Street
Kroll	Intern, Real Estate Advisory Group	14 May 26	Southwark
UBS	2026 Off-Cycle Internship - Global Banking	14 May 26	Liverpool Street
Houlihan Lokey	6 Month Off-Cycle Intern, Real Estate Capital Solutions	13 May 26	Mayfair
Natixis	Internship - UK Global Securities Financing (12 months)	11 May 26	Cannon Street
Natixis	Intern - Alternatives Investment Research	08 May 26	Cannon Street
Estari Group	Private Equity Intern	09 Apr 26	Chiswick
ExodusPoint	Quantitative Modeling Intern	09 Apr 26	Whitehall
Tower Peak Partners	6-month Internship - Accounting & Finance	17 Mar 26	Fitzrovia
Natixis	Intern, UK Corporate Coverage	10 Mar 26	Cannon Street
BTG Pactual	Equities Analyst Internship	05 Mar 26	Canary Wharf Estate	Requires 1-2 years work experience
BNP Paribas	Long Term Internship 2026	13 Feb 26	Camden
MerQube	Quantitative Researcher (Intern)	04 Feb 26	Guildford
AXA Investment Managers	Commercial Real Estate Debt Graduate Intern (6 Months)	13 Jan 26	Bishopsgate
Baker Hughes	Emerging Talent – Finance 2026 Opportunities	09 Jan 26	Hammersmith
BTG Pactual	Internship | Opportunistic Credit	08 Jan 26	Canary Wharf Estate
Millennium Management	Off-Cycle Quantitative Research Intern	16 Dec 25	Mayfair
Akereos Capital	Intern Energy Transition	27 Nov 25	Kensington
Blackwood Capital	Internship Program	27 Nov 25	Marylebone	Apply via email careers@blackwoodcapital.com
T.Capital	Later Stage Investments - Visiting Analyst	25 Nov 25	Bloomsbury
Fide Partners	Associate Consultant Intern Off-cycle Internship	06 Nov 25	Covent Garden
Access Capital Partners	Internship - Buy-out Fund of Funds	07 Oct 25	Bank
T.Capital	Later Stage Investments - Visiting Analyst	25 Sep 25	Bloomsbury
J.P. Morgan	2026 - Markets - Off-cycle Internship	30 Aug 25	Canary Wharf Estate
DN Capital	Visiting Analyst (Investment Team Intern)	15 Jul 25	St James's Park
Wahed	Internship Program	04 Jun 25	Marylebone
ARC Ratings	Internship	01 May 25	Canary Wharf Estate	Always open
Cairneagle	Intern	01 May 25	Soho	Always open
ARR Investment Partners	Investment Analyst Intern	30 Apr 25	Whitechapel / Spitalfields	Always open
TempoCap	TempoCap Venture Capital Internship	31 Mar 25	Covent Garden
