company,platform,token
Abbvie,smartrecruiters,abbvie
AlixPartners,greenhouse,alixpartners
Alpha FMC,greenhouse,alphafmc
AlphaSights,greenhouse,alphasights
Antares,ashby,antares
Aquatic Capital Management,greenhouse,aquaticcapitalmanagement
B2C2,greenhouse,b2c2
BTG Pactual,greenhouse,btgpactual
Baringa,greenhouse,baringa
Binance,lever,binance
Cabot Properties,greenhouse,cabotproperties
Capco,greenhouse,capco
Charles River Associates,greenhouse,charlesriverassociates
Chatham Financial,smartrecruiters,chathamfinancial
Cherry Ventures,greenhouse,cherryventures
Clear Street,greenhouse,clearstreet
Colliers,smartrecruiters,colliers
Copper.co,greenhouse,copperco
DV Trading,greenhouse,dvtrading
Evelyn Partners,smartrecruiters,evelynpartners
ExodusPoint,greenhouse,exoduspoint
Experian,smartrecruiters,experian
FRP Advisory,smartrecruiters,frpadvisory
Flow Traders,greenhouse,flowtraders
Flowdesk,smartrecruiters,flowdesk
Forvis Mazars,greenhouse,forvismazars
GSA Capital,greenhouse,gsacapital
GSR Markets,greenhouse,gsrmarkets
Galaxy,greenhouse,galaxy
General Atlantic,greenhouse,generalatlantic
GoCardless,greenhouse,gocardless
Hatch,ashby,hatch
ION,lever,ion
Interpath Advisory,greenhouse,interpath
JMG Group,greenhouse,jmg
Jane Street,greenhouse,janestreet
Jump Trading,greenhouse,jumptrading
Keyrock,ashby,keyrock
L'Oréal,smartrecruiters,loral
LMR Partners,greenhouse,lmr
Legal & General,smartrecruiters,legalandgeneral
Lendable,ashby,lendable
Lincoln International,greenhouse,lincolninternational
Lockton,smartrecruiters,lockton
Man Group,greenhouse,mangroup
Markel,workday,markelcorp.wd5.myworkdayjobs.com|markelcorp|GlobalCareers
Marshall Wace,greenhouse,marshallwace
Maven Securities,ashby,maven
Melotech,ashby,melotech
MerQube,greenhouse,merqube
Oak Hill Advisors,greenhouse,oakhilladvisors
Oliver Wyman,lever,oliverwyman
PA Consulting,smartrecruiters,paconsulting
Phoenix Group,ashby,phoenix
Picus Capital,lever,picus
Point72,greenhouse,point72
Private Equity Insights,greenhouse,privateequityinsights
Proxima,ashby,proxima
Raine Group,lever,raine
Revaia,smartrecruiters,revaia
Ripple,greenhouse,ripple
Roland Berger,smartrecruiters,rolandberger
Sanctuary Group,ashby,sanctuary
Schonfeld,greenhouse,schonfeld
Shawbrook,smartrecruiters,shawbrook
SiriusPoint,greenhouse,siriuspoint
Sixth Street,greenhouse,sixthstreet
Squarepoint Capital,greenhouse,squarepointcapital
StepStone Group,smartrecruiters,stepstonegroup
Stifel,smartrecruiters,stifel
TP ICAP,smartrecruiters,tpicap
Teneo,greenhouse,teneo
Teza Technologies,ashby,teza-technologies
The Riverside Company,greenhouse,theriversidecompany
Third Bridge,greenhouse,thirdbridge
Tikehau Capital,smartrecruiters,tikehaucapital
Tower Peak Partners,greenhouse,towerpeak
Tower Research Capital,greenhouse,towerresearchcapital
Trading 212,ashby,trading212
Tradition,smartrecruiters,tradition
Visa,smartrecruiters,visa
Vitol,smartrecruiters,vitol
WTW,smartrecruiters,wtw
William Blair,greenhouse,williamblair
Wincent,ashby,wincent
Xantium,greenhouse,xantium
Zopa,lever,zopa
Blackstone,workday,blackstone.wd1.myworkdayjobs.com|blackstone|Blackstone_Campus_Careers
Citi,workday,citi.wd5.myworkdayjobs.com|citi|2
Apollo Global Management,workday,athene.wd5.myworkdayjobs.com|athene|Apollo_Careers
Morgan Stanley,workday,ms.wd5.myworkdayjobs.com|ms|External
Ares Management,workday,aresmgmt.wd1.myworkdayjobs.com|aresmgmt|External
Macquarie Group,workday,mq.wd3.myworkdayjobs.com|mq|CareersatMQ
Houlihan Lokey,workday,hl.wd1.myworkdayjobs.com|hl|Campus
RBC Capital Markets,workday,rbc.wd3.myworkdayjobs.com|rbc|RBCEARLYTALENT1
Partners Group,workday,global.wd1.myworkdayjobs.com|global|globalpartnerscareers
PJT Partners,workday,pjtpartners.wd1.myworkdayjobs.com|pjtpartners|Students
Wells Fargo,workday,wf.wd1.myworkdayjobs.com|wf|WellsFargoJobs
Standard Chartered,workday,standard.wd1.myworkdayjobs.com|standard|Search
BlackRock,workday,blackrock.wd1.myworkdayjobs.com|blackrock|BlackRock_Professional
Brookfield,workday,brookfield.wd5.myworkdayjobs.com|brookfield|brookfield
Deutsche Bank,workday,db.wd3.myworkdayjobs.com|db|DBWebsite
Fidelity International,workday,fil.wd3.myworkdayjobs.com|fil|001
Santander,workday,santander.wd3.myworkdayjobs.com|santander|SantanderCareers
ING,workday,ing.wd3.myworkdayjobs.com|ing|ICSGBLCOR
NatWest Markets,workday,rbs.wd3.myworkdayjobs.com|rbs|RBS
M&G,workday,mgpru.wd3.myworkdayjobs.com|mgpru|mandgprudential
Northern Trust,workday,ntrs.wd1.myworkdayjobs.com|ntrs|northerntrust
Mizuho,workday,mizuhogroup.wd102.myworkdayjobs.com|mizuhogroup|External
Aviva,workday,aviva.wd1.myworkdayjobs.com|aviva|External
Invesco,workday,invesco.wd1.myworkdayjobs.com|invesco|IVZ
PGIM,workday,pru.wd5.myworkdayjobs.com|pru|PGIM_Careers
Neuberger Berman,workday,nb.wd1.myworkdayjobs.com|nb|NBCareers
AllianceBernstein,workday,abglobal.wd1.myworkdayjobs.com|abglobal|alliancebernsteincareers
Franklin Templeton,workday,franklintempleton.wd5.myworkdayjobs.com|franklintempleton|Primary-External-1
Aberdeen Group,workday,abrdn.wd3.myworkdayjobs.com|abrdn|abrdn
State Street,workday,statestreet.wd1.myworkdayjobs.com|statestreet|Global
Barings,workday,barings.wd1.myworkdayjobs.com|barings|Barings
Ardian,workday,ardian.wd103.myworkdayjobs.com|ardian|ArdianCareers
ICG,workday,icg.wd3.myworkdayjobs.com|icg|external_careers
Warburg Pincus,greenhouse,warburgpincusllc
Lloyds Banking Group,workday,lbg.wd3.myworkdayjobs.com|lbg|LBG_Careers
Trafigura,workday,trafigura.wd3.myworkdayjobs.com|trafigura|TrafiguraCareerSite
Vanguard,workday,vanguard.wd5.myworkdayjobs.com|vanguard|vanguard_external
DWS,workday,db.wd3.myworkdayjobs.com|db|DWSWebsite
CIBC,workday,cibc.wd3.myworkdayjobs.com|cibc|campus
BMO Capital Markets,workday,bmo.wd3.myworkdayjobs.com|bmo|campus
T. Rowe Price,workday,troweprice.wd5.myworkdayjobs.com|troweprice|TRowePrice
Columbia Threadneedle Investments,workday,ameriprise.wd5.myworkdayjobs.com|ameriprise|Ameriprise
J.P. Morgan,oracle,jpmc.fa.oraclecloud.com|CX_1001
Jefferies,oracle,hdid.fa.us2.oraclecloud.com|CX_1
BNY Mellon,oracle,eofe.fa.us2.oraclecloud.com|CX_1
Virtu Financial,greenhouse,virtu
DRW,greenhouse,drweng
Old Mission,greenhouse,oldmissioncapital
Chicago Trading Company,greenhouse,chicagotrading
MUFG,workday,mufgub.wd3.myworkdayjobs.com|mufgub|MUFG-Careers
Nuveen,workday,tiaa.wd1.myworkdayjobs.com|tiaa|Search
London Stock Exchange Group,workday,lseg.wd3.myworkdayjobs.com|lseg|Careers
HSBC,eightfold,hsbc|hsbc.com
Barclays,workday,barclays.wd3.myworkdayjobs.com|barclays|External_Career_Site_Barclays
XTX Markets,greenhouse,xtxmarketstechnologies
Optiver,greenhouse,optiverus
Blockchain.com,greenhouse,blockchain
Hudson River Trading,greenhouse,wehrtyou
IMC Trading,greenhouse,imc
Monzo,greenhouse,monzo
Cboe Global Markets,workday,cboe.wd1.myworkdayjobs.com|cboe|External_Career_CBOE
Millennium Management,workday,mlp.wd5.myworkdayjobs.com|mlp|mlpcareers
FactSet,workday,factset.wd108.myworkdayjobs.com|factset|FactSetCareers
S&P Global,workday,spgi.wd5.myworkdayjobs.com|spgi|SPGI_Careers
Marsh McLennan,workday,mmc.wd1.myworkdayjobs.com|mmc|MMC
Julius Baer,workday,juliusbaer.wd3.myworkdayjobs.com|juliusbaer|External
Baillie Gifford,workday,bailliegifford.wd3.myworkdayjobs.com|bailliegifford|BaillieGiffordEarlyCareers
Insight Investment,workable,insight-investment
Canaccord Genuity,workday,cgf.wd10.myworkdayjobs.com|cgf|CG
Robeco,workday,robeco.wd3.myworkdayjobs.com|robeco|robecoexternalcareers
Russell Investments,workday,russell.wd5.myworkdayjobs.com|russell|russellinvestments
MFS,workday,mfs.wd1.myworkdayjobs.com|mfs|MFS-Careers
Quilter,workday,quilter.wd3.myworkdayjobs.com|quilter|External-Career-Site
Hiscox,workday,hiscox.wd3.myworkdayjobs.com|hiscox|Hiscox_External_Site
Grant Thornton,workday,ukgrantt.wd3.myworkdayjobs.com|ukgrantt|CareersGrantThornton
Aegon,workday,transamerica.wd5.myworkdayjobs.com|transamerica|AegonAM
CPP Investments,workday,cppib.wd10.myworkdayjobs.com|cppib|cppinvestments
Pension Insurance Corporation,workable,pension-services-corporation-limited
Tokio Marine Kiln,workday,tokiomarinekiln.wd3.myworkdayjobs.com|tokiomarinekiln|TMH_Careers
Howden,workday,hyperiongrp.wd3.myworkdayjobs.com|hyperiongrp|Hyperion_External
Hayfin Capital Management,workable,hayfin-capital-management
Marex,breezy,marex
Cinven,pinpoint,cinven
Convex Insurance,pinpoint,convexin
Triton Partners,workday,tritonpartners.wd3.myworkdayjobs.com|tritonpartners|External
MS Amlin,workday,msamlin.wd3.myworkdayjobs.com|msamlin|MSAmlinCareers
Accenture,pinpoint,accenture
Armstrong Watson,pinpoint,armstrongwatson
Aston Martin,pinpoint,astonmartin
Astorg,pinpoint,astorg
British Business Bank,pinpoint,british-business-bank
Cartesian,pinpoint,cartesian
Enstar Group,pinpoint,enstargroup
Langham Hall,pinpoint,langhamhall
Menzies,pinpoint,menzies
North Highland,pinpoint,northhighland
Petroineos,pinpoint,petroineos
Saffery,pinpoint,saffery
YouLend,pinpoint,youlend
Elixirr,greenhouse,elixirr
Turner & Townsend,smartrecruiters,turnertownsend
Tarmac,smartrecruiters,tarmac
Heidelberg Materials,breezy,heidelberg-materials
Equifax,workday,equifax.wd5.myworkdayjobs.com|equifax|Campus
Stripe,greenhouse,stripe
Adyen,greenhouse,adyen
N26,greenhouse,n26
Trade Republic,greenhouse,traderepublic
SumUp,greenhouse,sumup
Marqeta,greenhouse,marqeta
Robinhood,greenhouse,robinhood
Gemini,greenhouse,gemini
Mollie,ashby,mollie
Plaid,ashby,plaid
Deel,ashby,deel
